ACORDO_TIPO;PROTOCOLO_DATA;PROCESSO_ANATEL;PRESTADORA_ORIGEM;PRESTADORA_ORIGEM_CNPJ;CREDENCIADA;CREDENCIADA_CNPJ;VIGENCIA_DATA_FIM;PROCESSO_DESCREDENCIAMENTO;OBSERVACAO;DESPACHO_DECISORIO_SEI;DESPACHO_DECISORIO_DATA;CONCLUSAO_DATA
CONTRATO;07/01/2015;53500.000262/2015-94;Telefonica Brasil S.a.;02558157000162;Mais AD Credenciada de Telefonia S.A.;17751901000118;07/04/2020;53500.000262/2015-94;Publicação no DOU.;00201590015890;30/01/2015;30/01/2015
CONTRATO;14/03/2016;53504.001925/2016-39;Datora Mobile Telecomunicacoes S.a.;18384930000151;BT Brasil Serviços de Telecomunicações Ltda. (BT Brasil);33179565000137;VIGENTE;;Não identificado;00000000588202;20/07/2016;20/07/2016
CONTRATO;23/03/2016;53500.004886/2016-61;SURF TELECOM SA;10455746000143;Always Tecnologia Ltda. (Igreja da Fé);69190577000100;21/07/2017;;Não identificado;00000000591183;20/07/2016;20/07/2016
CONTRATO;23/03/2016;53500.006148/2016-59;SURF TELECOM SA;10455746000143;Lanis Redes e Consultoria Ltda. (Lanis);09526734000183;25/01/2019;53500.006148/2016-59;De acordo com a coorespondência SEI nº 3754922.;00000000680889;24/08/2016;24/08/2016
CONTRATO;24/06/2016;53500.015283/2016-95;SURF TELECOM SA;10455746000143;Empresa Brasileira de Correios e Telégrafos (Correios);34028316000103;VIGENTE;;Não identificado;00000000930841;17/11/2016;17/11/2016
CONTRATO;11/07/2016;53500.016901/2016-14;SURF TELECOM SA;10455746000143;Yes do Brasil Telecom Ltda. (YES);24604838000152;08/11/2018;53500.016901/2016-14;De acordo com comunicado SEI nº 3457474.;00000000730546;15/09/2016;15/09/2016
CONTRATO;26/01/2017;53504.000883/2017-08;SURF TELECOM SA;10455746000143;Eseye do Brasil Tecnologia da Informação Ltda;13890755000150;VIGENTE;;Não identificado;00000001882694;22/09/2017;22/09/2017
ADITIVO;23/05/2017;53500.000262/2015-94;Telefonica Brasil S.a.;02558157000162;Mais AD Credenciada de Telefonia S.A.;17751901000118;07/04/2020;53500.000262/2015-94;1º Aditivo;00000001927446;09/11/2017;09/11/2017
CONTRATO;12/06/2017;53500.060891/2017-35;CLARO S.A.;40432544000147;DEUTSCHE TELEKOM GLOBAL BUSINESS SOLUTIONS BRASIL LTDA;04501314000129;VIGENTE;;Contrato e 1º Aditivo;00000001882363;22/09/2017;22/09/2017
CONTRATO;28/07/2017;53504.008572/2017-89;Telefonica Brasil S.a.;02558157000162;Brisanet Serviços de Telecomunicações Ltda;04601397000128;VIGENTE;;Não identificado;00000001973889;10/11/2017;10/11/2017
CONTRATO;02/08/2017;53500.066856/2017-20;SURF TELECOM SA;10455746000143;Waves Retransmissão e Comunicação Ltda;03444849000142;16/08/2021;53500.066856/2017-20;De acordo com comunicado SEI nº 7266940.;00000001882891;22/09/2017;22/09/2017
CONTRATO;08/08/2017;53500.067529/2017-95;SURF TELECOM SA;10455746000143;GRÊMIO OSASCO AUDAX ESPORTE CLUBE;55295604000102;VIGENTE;;Não identificado;00000002423053;28/02/2018;28/02/2018
CONTRATO;04/09/2017;53500.071195/2017-54;SURF TELECOM SA;10455746000143;Level 3 Comunicações do Brasil LTDA;72843212000141;VIGENTE;;Não identificado;00000002526766;14/05/2018;14/05/2018
CONTRATO;22/11/2017;53504.016428/2017-16;Datora Mobile Telecomunicacoes S.a.;18384930000151;Fonelight Telecomunicações S/A;02089242000129;VIGENTE;;Não identificado;00000002263762;26/01/2018;26/01/2018
CONTRATO;14/12/2017;53504.019121/2017-77;SURF TELECOM SA;10455746000143;Fama Serviços Tecnologia da Informação Ltda;28490744000150;VIGENTE;;Não identificado;00000002645582;06/07/2018;06/07/2018
CONTRATO;11/06/2018;53504.007683/2018-59;SURF TELECOM SA;10455746000143;Magazine Luiza S.A.;47960950000121;18/06/2021;53504.007683/2018-59;De acordo com comunicado SEI nº 7040774.;00000003040905;10/08/2018;10/08/2018
CONTRATO;11/06/2018;53504.007684/2018-01;SURF TELECOM SA;10455746000143;Algar Telecom S.A.;71208516000174;VIGENTE;;Não identificado;00000003039431;10/08/2018;10/08/2018
CONTRATO;11/12/2018;53500.056152/2018-20;Telefonica Brasil S.a.;02558157000162;Fique Móvel Serviços de Telecomunicações;37450669000195;VIGENTE;;Não identificado;00000003837076;12/03/2019;12/03/2019
CONTRATO;08/04/2019;53500.013513/2019-24;Datora Mobile Telecomunicacoes S.a.;18384930000151;1Telecom Serviços de Tecnologia em Internet LTDA;11844663000109;VIGENTE;;Não identificado;00000004276603;02/07/2019;02/07/2019
CONTRATO;02/05/2019;53500.017208/2019-10;Datora Mobile Telecomunicacoes S.a.;18384930000151;ONI TELECOM SERVIÇOS E COMÉRCIO LTDA;32196605000196;VIGENTE;;Não identificado;00000004276806;02/07/2019;02/07/2019
CONTRATO;07/06/2019;53500.022777/2019-79;SURF TELECOM SA;10455746000143;Dry Company do Brasil Comércio e Tecnologia LTDA (Dry Steam);15564295000104;26/03/2021;53500.022777/2019-79;Contrato e 1º Aditivo. Desc. SEI nº 10118893;00000004563831;10/09/2019;10/09/2019
CONTRATO;19/06/2019;53500.024612/2019-31;Datora Mobile Telecomunicacoes S.a.;18384930000151;Ora Serviços de Telecomunicações Ltda;22815345000136;VIGENTE;;Não identificado;00000004460136;28/08/2019;28/08/2019
CONTRATO;23/07/2019;53500.029064/2019-36;Datora Mobile Telecomunicacoes S.a.;18384930000151;DB3 Serviços de Telecomunicações LTDA (DB3 TELECOM);41644220000135;VIGENTE;;Não identificado;00000004640705;01/10/2019;01/10/2019
CONTRATO;02/10/2019;53500.039834/2019-59;Telexperts Telecomunicacoes S.A.;07625852000113;Fluke Telefonia Móvel Celular LTDA;31904610000143;VIGENTE;;Não identificado;00000004792679;04/11/2019;04/11/2019
CONTRATO;02/12/2019;53500.001132/2020-36;SURF TELECOM SA;10455746000143;Wantel Tecnologia Ltda - PPP;21850223000118;22/03/2023;53500.001132/2020-36;De acordo com comunicado SEI nº 10028140. Processo 53500.051611/2019-60 anexado.;00000005243988;21/02/2020;21/02/2020
CONTRATO;06/12/2019;53500.052686/2019-68;SURF TELECOM SA;10455746000143;Telbe Telecom Valinhos Ltda;27390934000133;21/01/2021;53500.023839/2020-01;De acordo com comunicado SEI nº 6457496;00000005334013;17/03/2020;17/03/2020
CONTRATO;16/12/2019;53500.054207/2019-48;Vero S.A.;31748174000160;Veek Tecnologia S/A;09526734000183;VIGENTE;;América Net incorporada pela Vero S.A.;00000005280176;10/03/2020;10/03/2020
CONTRATO;04/02/2020;53500.005039/2020-09;Datora Mobile Telecomunicacoes S.a.;18384930000151;Sow Telecomunicações LTDA;29424145000100;VIGENTE;;Não identificado;00000005369267;30/03/2020;30/03/2020
CONTRATO;13/02/2020;53500.006681/2020-05;SURF TELECOM SA;10455746000143;Cianet Provedor de Internet Eireli;26763089000131;VIGENTE;;Não identificado;00000005275300;10/03/2020;10/03/2020
CONTRATO;13/02/2020;53500.006685/2020-85;SURF TELECOM SA;10455746000143;Vex Telecom Serviços de Telecomunicação LTDA;07943415000148;VIGENTE;;Não identificado;00000005276866;10/03/2020;10/03/2020
CONTRATO;05/03/2020;53500.009739/2020-64;Telexperts Telecomunicacoes S.A.;07625852000113;Linksfield Tecnologia do Brasil LTDA;34850759000185;VIGENTE;;Não identificado;00000005428781;17/04/2020;17/04/2020
CONTRATO;23/03/2020;53500.013581/2020-27;SURF TELECOM SA;10455746000143;New Master Turbo Net LTDA;11611711000119;VIGENTE;;Não identificado;00000005405777;07/04/2020;07/04/2020
CONTRATO;26/03/2020;53500.014170/2020-59;SURF TELECOM SA;10455746000143;HBA Telecom LTDA;23743621000160;02/10/2024;53500.014170/2020-59;De acordo com comunicado SEI nº 12675565;00000005405802;07/04/2020;07/04/2020
ADITIVO;25/03/2020;53504.008572/2017-89;Telefonica Brasil S.a.;02558157000162;Brisanet Serviços de Telecomunicações Ltda;04601397000128;VIGENTE;;1º Aditivo;00000005675950;25/06/2020;25/06/2020
ADITIVO;30/03/2020;53500.022777/2019-79;SURF TELECOM SA;10455746000143;Dry Company do Brasil Comércio e Tecnologia LTDA (Dry Steam);15564295000104;26/03/2021;53500.022777/2019-79;2º Aditivo . Desc. SEI nº 10118893;00000005714873;06/07/2020;06/07/2020
CONTRATO;29/04/2020;53500.018729/2020-10;SURF TELECOM SA;10455746000143;Assunet Informática e Serviços de Manutenção LTDA;10858236000117;06/05/2025;53500.018729/2020-10;De acordo com Comunicado SEI nº 13864532;00000005526978;21/05/2020;21/05/2020
CONTRATO;11/05/2020;53500.020126/2020-88;Vero S.A.;31748174000160;Tip Tecnologia LTDA;05052748000151;VIGENTE;;América Net incorporada pela Vero S.A.;00000005780270;30/07/2020;30/07/2020
ADITIVO;04/05/2020;53500.052686/2019-68;SURF TELECOM SA;10455746000143;Telbe Telecom Valinhos Ltda;27390934000133;21/01/2021;53500.052686/2019-68;De acordo com comunicado SEI nº 6457496;00000005751278;17/07/2020;17/07/2020
ADITIVO;12/05/2020;53500.056152/2018-20;Telefonica Brasil S.a.;02558157000162;Fique Móvel Serviços de Telecomunicações;37450669000195;VIGENTE;;1º Aditivo;00000005755964;05/08/2020;05/08/2020
CONTRATO;13/05/2020;53500.020791/2020-71;Vero S.A.;31748174000160;Voa Telecomunicações Eireli;23935237000160;VIGENTE;;América Net incorporada pela Vero S.A.;00000005784951;30/07/2020;30/07/2020
CONTRATO;13/05/2020;53500.020784/2020-70;America Net S.a.;01778972000174;STARNET TELECOMUNICAÇÕES EIRELI;09666183000153;26/01/2023;53500.020784/2020-70;De acordo com Comunicado SEI 9741232;00000005789035;30/07/2020;30/07/2020
CONTRATO;13/05/2020;53500.020820/2020-03;Vero S.A.;31748174000160;Tgn-Br Internet LTDA;29339296000151;VIGENTE;;América Net incorporada pela Vero S.A.;00000005803888;30/07/2020;30/07/2020
CONTRATO;25/05/2020;53500.023635/2020-62;SURF TELECOM SA;10455746000143;SOLLY SOLUÇÕES E TECNOLOGIA LTDA;40838866000190;VIGENTE;;Não identificado;00000005598402;02/06/2020;02/06/2020
CONTRATO;25/05/2020;53500.023637/2020-51;SURF TELECOM SA;10455746000143;Completa Telecomunicações Ltda;26227978000184;22/06/2022;53500.023637/2020-51;De acordo com comunicado SEI nº 8733641;00000005604490;04/06/2020;04/06/2020
CONTRATO;26/05/2020;53500.023696/2020-20;SURF TELECOM SA;10455746000143;Novanet Provedor e Web Ltda;10668463000180;02/10/2024;53500.023696/2020-20;De acordo com comunicado SEI nº 12675587;00000005610124;04/06/2020;04/06/2020
CONTRATO;26/05/2020;53500.023839/2020-01;SURF TELECOM SA;10455746000143;Conlife Administradora de Convênio Ltda;23401006000176;18/01/2021;53500.023839/2020-01;De acordo com comunicado SEI nº 6441952;00000005615180;04/06/2020;04/06/2020
CONTRATO;26/05/2020;53500.023876/2020-10;Vero S.A.;31748174000160;Yes Celular Ltda;29720892000187;VIGENTE;;América Net incorporada pela Vero S.A.;00000005803932;30/07/2020;30/07/2020
CONTRATO;03/06/2020;53500.025367/2020-13;SURF TELECOM SA;10455746000143;PLAY MÓVEL LTDA;44255627000169;VIGENTE;;Não identificado;00000005712547;03/07/2020;03/07/2020
CONTRATO;02/07/2020;53500.030288/2020-24;SURF TELECOM SA;10455746000143;Connect Empresas Telecomunicações Eireli;28360182000120;02/10/2024;53500.030288/2020-24;De acordo com comunicado SEI nº 12675623;00000005772763;30/07/2020;30/07/2020
CONTRATO;07/07/2020;53500.030947/2020-22;SURF TELECOM SA;10455746000143;M B Souza Representações Comerciais Ltda;30458078000115;02/10/2024;53500.030947/2020-22;De acordo com comunicado SEI nº 12675765;00000005772762;30/07/2020;30/07/2020
CONTRATO;17/07/2020;53500.032974/2020-30;SURF TELECOM SA;10455746000143;DESKTOP S.A.;08170849000115;VIGENTE;;Não identificado;00000005877337;20/08/2020;20/08/2020
CONTRATO;22/07/2020;53500.033986/2020-81;Vero S.A.;31748174000160;VMAX DIGITAL DO BRASIL LTDA;07685452000101;VIGENTE;;América Net incorporada pela Vero S.A.;00000005784962;03/08/2020;03/08/2020
CONTRATO;23/07/2020;53500.034081/2020-29;America Net S.a.;01778972000174;Giganet Serviços de Internet Ltda - Me;08218558000150;18/01/2022;53500.034081/2020-29;De acordo com comunicado SEI nº 7950568;00000006167334;17/11/2020;17/11/2020
CONTRATO;24/07/2020;53500.034392/2020-98;SURF TELECOM SA;10455746000143;Contel Telecom Ltda;13337781000156;VIGENTE;;Não identificado;00000005819356;05/08/2020;05/08/2020
CONTRATO;29/07/2020;53500.035282/2020-43;Vero S.A.;31748174000160;Network Telecomunicações Ltda;05262383000190;VIGENTE;;América Net incorporada pela Vero S.A.;00000005821264;05/08/2020;05/08/2020
CONTRATO;30/07/2020;53500.035518/2020-41;Datora Mobile Telecomunicacoes S.a.;18384930000151;Teletalk Comércio e Serviços Eireli;06138195000117;VIGENTE;;Não identificado;00000005824685;05/08/2020;05/08/2020
ADITIVO;13/07/2020;53500.056152/2018-20;Telefonica Brasil S.a.;02558157000162;Fique Móvel Serviços de Telecomunicações;37450669000195;VIGENTE;;2º Aditivo - Nova CREDENCIADA;00000005755964;05/08/2020;05/08/2020
CONTRATO;29/07/2020;53500.036002/2020-14;Vero S.A.;31748174000160;Net Barretos Tecnologia Ltda;10687950000190;VIGENTE;;América Net incorporada pela Vero S.A.;00000005825440;05/08/2020;05/08/2020
CONTRATO;14/08/2020;53500.037835/2020-01;Telefonica Brasil S.a.;02558157000162;DESKTOP INTERNET LTDA;09666183001044;01/05/2025;53500.037835/2020-01;De acordo com comunicado SEI nº 13696593;00000006062447;14/10/2020;14/10/2020
CONTRATO;15/08/2020;53500.038023/2020-74;SURF TELECOM SA;10455746000143;SUA TELECOM LTDA;19429011000110;VIGENTE;;Não identificado;00000005871200;18/08/2020;18/08/2020
CONTRATO;15/08/2020;53500.038022/2020-20;SURF TELECOM SA;10455746000143;Vt Serviços Eireli;29327676000176;05/03/2024;53500.038022/2020-20;De acordo com Comunicado SEI nº 11937761;00000005871206;18/08/2020;18/08/2020
CONTRATO;15/08/2020;53500.038021/2020-85;SURF TELECOM SA;10455746000143;It Tecnologia e Informacao Ltda;00608881000128;VIGENTE;;Não identificado;00000005871364;18/08/2020;18/08/2020
CONTRATO;17/08/2020;53500.038243/2020-06;America Net S.a.;01778972000174;S&T Participacoes Ltda;23066576000157;03/12/2021;53500.038243/2020-06;De acordo com comunicado SEI nº 7774559;00000005877719;20/08/2020;20/08/2020
CONTRATO;17/08/2020;53500.038260/2020-35;Vero S.A.;31748174000160;Ampernet - Telecomunicacoes Ltda;04596419000109;VIGENTE;;América Net incorporada pela Vero S.A.;00000005877840;20/08/2020;20/08/2020
CONTRATO;18/08/2020;53500.038324/2020-06;Telexperts Telecomunicacoes S.A.;07625852000113;Globalnet Serviços e Informática Ltda-Me;19421083000110;VIGENTE;;Não identificado;00000005933326;09/09/2020;09/09/2020
CONTRATO;18/08/2020;53500.038326/2020-97;Telexperts Telecomunicacoes S.A.;07625852000113;BRSULNET SERVIÇOS EM TECNOLOGIA DA INFORMAÇÃO LTDA;34860748000186;VIGENTE;;Não identificado;00000005933318;09/09/2020;09/09/2020
CONTRATO;27/08/2020;53500.039965/2020-70;Datora Mobile Telecomunicacoes S.a.;18384930000151;Rede Fibra Telecom Ltda;26080615000169;VIGENTE;;Não identificado;00000005958290;21/09/2020;21/09/2020
CONTRATO;28/08/2020;53500.040394/2020-16;SURF TELECOM SA;10455746000143;Life Telecom Ltda;26616652000149;02/10/2024;53500.040394/2020-16;De acordo com comunicado SEI nº 12675776;00000005918752;03/09/2020;03/09/2020
CONTRATO;31/08/2020;53500.040661/2020-55;Telexperts Telecomunicacoes S.A.;07625852000113;ALLREDE SERVIÇOS DIGITAIS LTDA;34983842000122;VIGENTE;;Não identificado;00000005958299;21/09/2020;21/09/2020
CONTRATO;04/09/2020;53500.041710/2020-77;Vero S.A.;31748174000160;Cuiaba Fibra Internet Eireli;13250043000177;VIGENTE;;América Net incorporada pela Vero S.A.;00000005943594;09/09/2020;09/09/2020
CONTRATO;04/09/2020;53500.041713/2020-19;America Net S.a.;01778972000174;Fly Link Ltda;05005524000199;23/11/2021;53500.041713/2020-19;De acordo com comunicado SEI nº 7716098;00000005943606;09/09/2020;09/09/2020
CONTRATO;16/09/2020;53500.043768/2020-55;SURF TELECOM SA;10455746000143;Logtel Telecomunicações e Informática Ltda;08505502000186;02/10/2024;53500.043768/2020-55;De acordo com comunicado SEI nº 12675790;00000005990820;28/09/2020;28/09/2020
CONTRATO;22/09/2020;53500.045061/2020-83;Datora Mobile Telecomunicacoes S.a.;18384930000151;Tata Communications Comunicações e Multimídia (Brazil) Ltda;28057538000151;VIGENTE;;Não identificado;00000006152249;17/11/2020;17/11/2020
CONTRATO;23/09/2020;53500.045138/2020-15;SURF TELECOM SA;10455746000143;Bipnet Fibra Telecom Ltda;36244331000114;VIGENTE;;Não identificado;00000006003194;28/09/2020;28/09/2020
CONTRATO;23/09/2020;53500.045133/2020-92;SURF TELECOM SA;10455746000143;TI5 TELECOM LTDA;08956693000100;28/01/2022;53500.045133/2020-92;De acordo com comunicado SEI nº 7998616;00000006003263;28/09/2020;28/09/2020
CONTRATO;29/09/2020;53500.046450/2020-26;SURF TELECOM SA;10455746000143;GIGALINK DE NOVA FRIBURGO SOLUÇÕES EM REDE MULTIMÍDIA LTDA;06236865000138;VIGENTE;;Não identificado;00000006031035;05/10/2020;05/10/2020
CONTRATO;02/10/2020;53500.047279/2020-72;SURF TELECOM SA;10455746000143;XPLAY MOBILE & IOT LTDA;35067466000199;VIGENTE;;Não identificado;00000006040997;08/10/2020;08/10/2020
CONTRATO;02/10/2020;53500.047285/2020-20;SURF TELECOM SA;10455746000143;Webby Provedor de Internet Ltda;29589151000109;05/01/2022;53500.047285/2020-20;De acordo com comunicado SEI nº 7884414;00000006040998;08/10/2020;08/10/2020
CONTRATO;07/10/2020;53500.048541/2020-04;Telexperts Telecomunicacoes S.A.;07625852000113;Tri Telecom Ltda;07236167000103;VIGENTE;;Não identificado;00000006123072;29/10/2020;29/10/2020
CONTRATO;07/10/2020;53500.048445/2020-58;SURF TELECOM SA;10455746000143;O2 Serviços Eletroeletronicos Ltda;21374237000102;13/12/2021;53500.048445/2020-58;De acordo com comunicado SEI nº 7801438.;00000006079073;19/10/2020;19/10/2020
ADITIVO;23/10/2020;53500.022777/2019-79;SURF TELECOM SA;10455746000143;Dry Company do Brasil Comércio e Tecnologia LTDA (Dry Steam);15564295000104;26/03/2021;53500.022777/2019-79;3º Aditivo. Desc. SEI nº 10118893;00000006134939;05/11/2020;05/11/2020
CONTRATO;04/11/2020;53500.054217/2020-17;SURF TELECOM SA;10455746000143;Khg Serviços de Valor Adicionado e Internet Ltda;34058045000139;07/05/2021;53500.054217/2020-17;De acordo com comunicado SEI nº 7002713;00000006226682;27/11/2020;27/11/2020
CONTRATO;06/11/2020;53500.054633/2020-15;SURF TELECOM SA;10455746000143;LIFE SERVIÇOS DE COMUNICAÇÃO MULTIMÍDIA LTDA - EM RECUPERAÇÃO JUDICIAL;05087744000109;VIGENTE;;Não identificado;00000006226691;27/11/2020;27/11/2020
CONTRATO;06/11/2020;53500.054679/2020-34;Vero S.A.;31748174000160;ABCrede Telecom;08448269000147;VIGENTE;;América Net incorporada pela Vero S.A.;00000006232389;27/11/2020;27/11/2020
CONTRATO;06/11/2020;53500.054685/2020-91;Vero S.A.;31748174000160;FC Negócios Digitais Ltda;36875075000163;VIGENTE;;América Net incorporada pela Vero S.A.;00000006232391;27/11/2020;27/11/2020
CONTRATO;06/11/2020;53500.054753/2020-12;America Net S.a.;01778972000174;Neorede Telecomunicação Eireli;06312970000109;04/02/2022;53500.054753/2020-12;Não identificado;00000006232392;27/11/2020;27/11/2020
CONTRATO;06/11/2020;53500.054721/2020-17;Vero S.A.;31748174000160;Grupo Macro Comunicação Ltda;10238977000103;VIGENTE;;América Net incorporada pela Vero S.A.;00000006232393;27/11/2020;27/11/2020
CONTRATO;06/11/2020;53500.054699/2020-13;America Net S.a.;01778972000174;Syncall Certificadora Ltda;38152215000109;21/03/2023;53500.054699/2020-13;De acordo com comunicado SEI nº 10046393.;00000006238848;27/11/2020;27/11/2020
CONTRATO;06/11/2020;53500.054693/2020-38;America Net S.a.;01778972000174;Conectel Telecomunicações Eireli;35296233000168;11/01/2022;;De acordo com comunicados SEI nº 7961326 e nº 8069865;00000006238849;27/11/2020;27/11/2020
CONTRATO;06/11/2020;53500.054692/2020-93;Vero S.A.;31748174000160;Conect Provedor de Acesso a Internet Ltda;13720564000140;VIGENTE;;América Net incorporada pela Vero S.A.;00000006238852;27/11/2020;27/11/2020
CONTRATO;10/11/2020;53500.055373/2020-03;Telexperts Telecomunicacoes S.A.;07625852000113;Gertel Telecom Eireli;14790912000119;VIGENTE;;Não identificado;00000006404833;11/01/2021;11/01/2021
ADITIVO;12/11/2020;53500.045138/2020-15;SURF TELECOM SA;10455746000143;Bipnet Fibra Telecom Ltda;36244331000114;VIGENTE;;1º Aditivo - Nova CREDENCIADA;00000006400194;06/01/2021;07/01/2021
CONTRATO;16/11/2020;53500.057069/2020-92;Telefonica Brasil S.a.;02558157000162;Assicom - Associação das Empresas e Usuários das Tecnologias de Informação e Comunicação;19713625000129;VIGENTE;;Não identificado;00000006510262;17/02/2021;18/02/2021
CONTRATO;17/11/2020;53500.057958/2020-50;Datora Mobile Telecomunicacoes S.a.;18384930000151;C-Ligue Telecomunicações Ltda;14808118000155;VIGENTE;;Não identificado;00000006873624;19/05/2021;19/05/2021
ADITIVO;29/10/2020;53504.008572/2017-89;Telefonica Brasil S.a.;02558157000162;Brisanet Serviços de Telecomunicações Ltda;04601397000128;VIGENTE;;2º Aditivo;00000006226032;27/11/2020;27/11/2020
CONTRATO;03/12/2020;53500.063690/2020-95;America Net S.a.;01778972000174;Mobcall Tecnologia e Inteligência de Dados;29183747000104;27/12/2022;53500.063690/2020-95;De acordo com comunicado SEI nº 9666446;00000006419359;14/01/2021;14/01/2021
CONTRATO;03/12/2020;53500.063719/2020-39;Vero S.A.;31748174000160;Infranet Internet Eirele;17448764000147;VIGENTE;;América Net incorporada pela Vero S.A.;00000006419372;14/01/2021;14/01/2021
CONTRATO;03/12/2020;53500.063767/2020-27;America Net S.a.;01778972000174;Trl Telecomunicações Ltda;32190390000104;03/12/2021;53500.063767/2020-27;De acordo com comunicado SEI nº 7774534;00000006419408;14/01/2021;14/01/2021
CONTRATO;03/12/2020;53500.063723/2020-05;Vero S.A.;31748174000160;Fleetnet Telecomunicações Ltda;17237418000110;VIGENTE;;América Net incorporada pela Vero S.A.;00000006419383;14/01/2021;14/01/2021
CONTRATO;15/12/2020;53500.068146/2020-30;Telefonica Brasil S.a.;02558157000162;INTER CONECTIVIDADE LTDA;49947911000110;VIGENTE;;Não identificado;00000006505435;17/02/2021;18/02/2021
CONTRATO;17/12/2020;53500.069056/2020-66;Vero S.A.;31748174000160;Investel Participações Ltda;36214838000125;VIGENTE;;América Net incorporada pela Vero S.A.;00000006443773;21/01/2021;21/01/2021
CONTRATO;17/12/2020;53500.069065/2020-57;Vero S.A.;31748174000160;Sidi Serviços de Comunicação Ltda Me;26605545000115;VIGENTE;;América Net incorporada pela Vero S.A.;00000006443799;21/01/2021;21/01/2021
CONTRATO;30/12/2020;53500.071782/2020-49;Telexperts Telecomunicacoes S.A.;07625852000113;Tcheturbo Provedor de Internet Ltda;06089278000163;VIGENTE;;Não identificado;00000006458332;25/01/2021;25/01/2021
CONTRATO;30/12/2020;53500.071779/2020-25;Telexperts Telecomunicacoes S.A.;07625852000113;Gl Fibra Serviços de Telecomunicações Ltda;31446186000130;VIGENTE;;Não identificado;00000006458365;25/01/2021;25/01/2021
CONTRATO;30/12/2020;53500.071776/2020-91;Telexperts Telecomunicacoes S.A.;07625852000113;Brphonia Provedor Ip Ltda;10431131000187;VIGENTE;;Não identificado;00000006458394;25/01/2021;25/01/2021
CONTRATO;19/01/2021;53500.003293/2021-45;Vero S.A.;31748174000160;ISPX SOLUÇÕES EM TELECOMUNICAÇÕES SPE LTDA;19486259000112;VIGENTE;;América Net incorporada pela Vero S.A.;00000006463483;27/01/2021;27/01/2021
CONTRATO;09/02/2021;53500.008181/2021-81;Datora Mobile Telecomunicacoes S.a.;18384930000151;Wireless Comm Solutions Ltda;03055200000130;10/03/2021;53500.008181/2021-81;As partes desistiram da homologação.;00000006638664;10/03/2021;10/03/2021
CONTRATO;15/02/2021;53500.010233/2021-89;America Net S.a.;01778972000174;Konnet Serviços Ltda Epp;22711787000132;23/01/2023;53500.010233/2021-89;De acordo com Comunicado SEI nº 9757433.;00000006564574;24/02/2021;24/02/2021
CONTRATO;25/02/2021;53500.012488/2021-86;America Net S.a.;01778972000174;Justweb Telecomunicações Ltda;15699599000170;18/01/2023;53500.012488/2021-86;De acordo com comunicado SEI nº 9700402;00000006608503;05/03/2021;05/03/2021
CONTRATO;25/02/2021;53500.012493/2021-99;Vero S.A.;31748174000160;R7 Serviços de Conexões Ltda;34621853000162;VIGENTE;;América Net incorporada pela Vero S.A.;00000006608532;05/03/2021;05/03/2021
CONTRATO;01/03/2021;53500.012506/2021-20;Vero S.A.;31748174000160;Ative Telecomunicações S.A.;33960847000177;VIGENTE;;América Net incorporada pela Vero S.A.;00000006804451;28/04/2021;28/04/2021
CONTRATO;22/02/2021;53500.011423/2021-13;America Net S.a.;01778972000174;Eai Telecomunicações Ltda;08316162000145;06/04/2022;53500.011423/2021-13;De acordo com comunicado SEI nº 8422036;00000006684989;31/03/2021;31/03/2021
CONTRATO;01/03/2021;53500.013077/2021-16;Vero S.A.;31748174000160;Hug Help Digital Service Eireli;37849269000157;VIGENTE;;América Net incorporada pela Vero S.A.;00000006632206;09/03/2021;09/03/2021
CONTRATO;09/03/2021;53500.015171/2021-00;America Net S.a.;01778972000174;Byteweb Comunicação Multimídia Ltda;10468974000158;14/03/2022;53500.015171/2021-00;De acordo com comunicado SEI nº 8791400;00000006720506;07/04/2021;07/04/2021
CONTRATO;12/03/2021;53500.016246/2021-61;Datora Mobile Telecomunicacoes S.a.;18384930000151;DARLAN ALMEIDA COMÉRCIO DE TELECOMUNICAÇÃO EIRELI;10772872000121;26/05/2022;53500.016246/2021-61;Arquivado por falta de subsídios para homologação.;00000008524069;26/05/2022;26/05/2022
CONTRATO;12/03/2021;53500.016242/2021-83;Datora Mobile Telecomunicacoes S.a.;18384930000151;Wireless Comm Services Ltda;09520219000196;VIGENTE;;Não identificado;00000006878813;19/05/2021;19/05/2021
CONTRATO;18/03/2021;53500.017551/2021-71;America Net S.a.;01778972000174;Associação de Proteção e Benefícios Gerais no Brasil: Abu - Dhabi;34216649000166;08/04/2022;53500.017551/2021-71;De acordo com comunicado SEI nº 8295336;00000006768949;19/04/2021;19/04/2021
CONTRATO;19/03/2021;53500.017857/2021-27;SURF TELECOM SA;10455746000143;VEX TELECOMUNICAÇÕES LTDA;52967152000161;19/03/2025;53500.017857/2021-27;De acordo com Comunicado SEI nº 13627265.;00000006774154;20/04/2021;20/04/2021
ADITIVO;19/03/2021;53500.056152/2018-20;Telefonica Brasil S.a.;02558157000162;Fique Móvel Serviços de Telecomunicações;37450669000195;VIGENTE;;3º Aditivo;00000006810147;13/05/2021;13/05/2021
ADITIVO;23/03/2021;53500.025367/2020-13;SURF TELECOM SA;10455746000143;PLAY MÓVEL LTDA;44255627000169;VIGENTE;;1º Aditivo;00000006785827;23/04/2021;23/04/2021
CONTRATO;23/03/2021;53500.018754/2021-84;SURF TELECOM SA;10455746000143;AGE TELECOMUNICAÇÕES S.A.;36230547000120;VIGENTE;;Não identificado;00000006822822;05/05/2021;05/05/2021
CONTRATO;25/03/2021;53500.019519/2021-20;Telexperts Telecomunicacoes S.A.;07625852000113;Oquei Telecom Ltda;05912502000102;VIGENTE;;Não identificado;00000006858823;11/05/2021;11/05/2021
CONTRATO;29/03/2021;53500.020141/2021-15;Vero S.A.;31748174000160;Navi Serviços Digitais Ltda;20924974000179;VIGENTE;;América Net incorporada pela Vero S.A.;00000006885641;19/05/2021;19/05/2021
CONTRATO;29/03/2021;53500.020361/2021-31;Vero S.A.;31748174000160;Mottanet Sva - Serviços de Provedor de Acesso as Redes de Comunicação Ltda;35729149000190;VIGENTE;;América Net incorporada pela Vero S.A.;00000006886107;19/05/2021;19/05/2021
CONTRATO;13/04/2021;53500.024115/2021-58;Telexperts Telecomunicacoes S.A.;07625852000113;Ultra Telecomunicações Ltda;26016500000105;VIGENTE;;Não identificado;00000006898135;19/05/2021;19/05/2021
CONTRATO;19/04/2021;53500.025273/2021-25;SURF TELECOM SA;10455746000143;Falemais Comunicações Ltda;14284858000130;VIGENTE;;Não identificado;00000006903735;21/05/2021;21/05/2021
CONTRATO;19/04/2021;53500.025466/2021-86;Telexperts Telecomunicacoes S.A.;07625852000113;VMAX DIGITAL DO BRASIL LTDA;07685452000101;VIGENTE;;Não identificado;00000006898180;19/05/2021;19/05/2021
CONTRATO;21/04/2021;53500.025893/2021-64;Telexperts Telecomunicacoes S.A.;07625852000113;Cabo Serviços de Telecomunicações Ltda;02952192000161;VIGENTE;;Não identificado;00000006898165;19/05/2021;19/05/2021
ADITIVO;07/04/2021;53504.008572/2017-89;Telefonica Brasil S.a.;02558157000162;Brisanet Serviços de Telecomunicações Ltda;04601397000128;VIGENTE;;3º Aditivo;00000006885419;19/05/2021;19/05/2021
ADITIVO;20/05/2021;53500.038022/2020-20;SURF TELECOM SA;10455746000143;Vt Serviços Eireli;29327676000176;05/03/2024;53500.038022/2020-20;1º Aditivo;00000006959569;01/06/2021;01/06/2021
ADITIVO;07/05/2021;53500.068146/2020-30;Telefonica Brasil S.a.;02558157000162;INTER CONECTIVIDADE LTDA;49947911000110;VIGENTE;;1º Aditivo;00000006950165;01/06/2021;01/06/2021
CONTRATO;27/05/2021;53500.035412/2021-29;America Net S.a.;01778972000174;Digital do Lote XV Ltda;05482783000100;01/06/2021;53500.035412/2021-29;A Prestadora Origem desistiu da homologação.;00000006962872;01/06/2021;01/06/2021
CONTRATO;27/05/2021;53500.035485/2021-11;Telexperts Telecomunicacoes S.A.;07625852000113;Net Alternativa Provedor de Internet Ltda;09444199000111;VIGENTE;;Não identificado;00000007005986;16/06/2021;16/06/2021
CONTRATO;09/06/2021;53500.038727/2021-28;CLARO S.A.;40432544000147;Magazine Luiza S.A.;47960950000121;VIGENTE;;Não identificado;00000007072624;02/07/2021;02/07/2021
ADITIVO;18/06/2021;53500.024612/2019-31;Datora Mobile Telecomunicacoes S.a.;18384930000151;Ora Serviços de Telecomunicações Ltda;22815345000136;VIGENTE;;2º Aditivo - Nova CREDENCIADA;00000007079283;02/07/2021;02/07/2021
CONTRATO;17/06/2021;53500.040849/2021-84;Datora Mobile Telecomunicacoes S.a.;18384930000151;Rico Telecom Serviços de Telecomunicações Ltda;41619187000193;VIGENTE;;Não identificado;00000007104277;09/07/2021;09/07/2021
CONTRATO;05/07/2021;53500.045468/2021-91;Vero S.A.;31748174000160;Aquário Tecnologia da Informação Ltda;41464219000129;VIGENTE;;América Net incorporada pela Vero S.A.;00000007108181;09/07/2021;09/07/2021
CONTRATO;15/07/2021;53500.048559/2021-89;Vero S.A.;31748174000160;Conlife Administradora de Convênio Ltda;23401006000176;VIGENTE;;América Net incorporada pela Vero S.A.;00000007365583;15/09/2021;15/09/2021
CONTRATO;15/07/2021;53500.048606/2021-94;Datora Mobile Telecomunicacoes S.a.;18384930000151;Next Level Tecnologia Ltda;32207196000186;VIGENTE;;Não identificado;00000007779809;15/12/2021;15/12/2021
CONTRATO;20/07/2021;53500.049961/2021-81;Next Level Telecom Ltda.;20877748000184;Datora Telecomunicações Ltda;39495486000111;VIGENTE;;Não identificado;00000007810317;16/12/2021;16/12/2021
CONTRATO;19/07/2021;53500.049491/2021-55;SURF TELECOM SA;10455746000143;Teravoz Telecom Telecomunicações Ltda;21028759000152;VIGENTE;;Não identificado;00000007296449;26/08/2021;26/08/2021
CONTRATO;20/07/2021;53500.050170/2021-01;Telexperts Telecomunicacoes S.A.;07625852000113;La Famiglia Cuore Ltda;07002423000190;VIGENTE;;Não identificado;00000007203091;09/08/2021;09/08/2021
CONTRATO;23/07/2021;53500.051164/2021-63;SURF TELECOM SA;10455746000143;Dotan Intermediações Ltda;07733596000188;VIGENTE;;Não identificado;00000007228638;12/08/2021;12/08/2021
CONTRATO;27/07/2021;53500.051722/2021-91;SURF TELECOM SA;10455746000143;Barbosa & Costa Ltda;08032857000103;02/10/2024;53500.051722/2021-91;De acordo com comunicado SEI nº 12675751;00000007240052;12/08/2021;12/08/2021
CONTRATO;05/08/2021;53500.054547/2021-93;Telexperts Telecomunicacoes S.A.;07625852000113;Sistel Fibra Serviços de Comunicação Multimídia Ltda;23540507000133;VIGENTE;;Não identificado;00000007245421;12/08/2021;12/08/2021
CONTRATO;17/08/2021;53500.058419/2021-19;SURF TELECOM SA;10455746000143;Surf Tech S.A.;28830242000121;VIGENTE;;Não identificado;00000007285541;26/08/2021;26/08/2021
CONTRATO;17/08/2021;53500.058425/2021-76;SURF TELECOM SA;10455746000143;Cruz Vermelha Brasileira - Filial de São Paulo;07127753000101;VIGENTE;;Não identificado;00000007295544;26/08/2021;26/08/2021
CONTRATO;23/08/2021;53500.060524/2021-18;Telexperts Telecomunicacoes S.A.;07625852000113;200 Tech Serviços do Brasil Ltda;42426258000102;04/06/2025;53500.060524/2021-18;De acordo com Comunicado Sei nº 13803496;00000007372401;15/09/2021;15/09/2021
ADITIVO;02/09/2021;53500.038727/2021-28;CLARO S.A.;40432544000147;Magazine Luiza S.A.;47960950000121;VIGENTE;;1º Aditivo;00000007562340;22/10/2021;22/10/2021
CONTRATO;22/09/2021;53500.068756/2021-14;SURF TELECOM SA;10455746000143;Carrefour Comércio e Indústria Ltda;45543915000181;VIGENTE;;Não identificado;00000007447852;05/10/2021;05/10/2021
CONTRATO;13/10/2021;53500.074566/2021-36;SURF TELECOM SA;10455746000143;Ganhatodos Cashback e Intermediação de Pagamento Ltda;37200010000180;10/01/2023;53500.074566/2021-36;De acordo com comunicado SEI nº 9688212;00000007568762;22/10/2021;22/10/2021
CONTRATO;13/10/2021;53500.074573/2021-38;Telexperts Telecomunicacoes S.A.;07625852000113;Iot Telecom Ltda;43790912000117;VIGENTE;;Não identificado;00000007574025;26/10/2021;26/10/2021
ADITIVO;05/05/2021;53500.025367/2020-13;SURF TELECOM SA;10455746000143;PLAY MÓVEL LTDA;44255627000169;VIGENTE;;2º Aditivo;00000007537858;19/10/2021;19/10/2021
ADITIVO;08/10/2021;53500.025367/2020-13;SURF TELECOM SA;10455746000143;PLAY MÓVEL LTDA;44255627000169;VIGENTE;;3º Aditivo - Mudou nome empresarial;00000007537858;19/10/2021;19/10/2021
CONTRATO;14/10/2021;53500.074872/2021-72;SURF TELECOM SA;10455746000143;Celtel Telecom Ltda;41482165000124;03/01/2022;53500.074872/2021-72;De acordo com comunicado SEI nº 7878167;00000007580005;03/11/2021;03/11/2021
ADITIVO;29/10/2021;53500.047279/2020-72;SURF TELECOM SA;10455746000143;XPLAY MOBILE & IOT LTDA;35067466000199;VIGENTE;;1º Aditivo;00000007679685;29/11/2021;29/11/2021
CONTRATO;11/11/2021;53500.081744/2021-85;SURF TELECOM SA;10455746000143;PAFER SERVIÇOS DE APOIO ADMINISTRATIVO LTDA;49590693000109;VIGENTE;;Não identificado;00000007682860;29/11/2021;29/11/2021
ADITIVO;16/11/2021;53500.025367/2020-13;SURF TELECOM SA;10455746000143;PLAY MÓVEL LTDA;44255627000169;VIGENTE;;4º Aditivo;00000007763505;13/12/2021;13/12/2021
ADITIVO;17/11/2021;53504.008572/2017-89;Telefonica Brasil S.a.;02558157000162;Brisanet Serviços de Telecomunicações Ltda;04601397000128;VIGENTE;;4º Aditivo;00000007766123;13/12/2021;13/12/2021
ADITIVO;01/12/2021;53500.034392/2020-98;SURF TELECOM SA;10455746000143;Contel Telecom Ltda;13337781000156;VIGENTE;;1º Aditivo;00000007926627;20/01/2022;20/01/2022
CONTRATO;17/12/2021;53500.091092/2021-97;Datora Mobile Telecomunicacoes S.a.;18384930000151;Eai Telecomunicações Ltda;08316162000145;VIGENTE;;Não identificado;00000007930506;20/01/2022;20/01/2022
CONTRATO;04/01/2022;53500.000563/2022-47;Telexperts Telecomunicacoes S.A.;07625852000113;P4 Telecom Ltda;10703677000140;VIGENTE;;Não identificado;00000007940722;24/01/2022;24/01/2022
ADITIVO;11/01/2022;53500.025367/2020-13;SURF TELECOM SA;10455746000143;PLAY MÓVEL LTDA;44255627000169;VIGENTE;;5º Aditivo;00000007946432;14/02/2022;14/02/2022
ADITIVO;14/01/2022;53500.038326/2020-97;Telexperts Telecomunicacoes S.A.;07625852000113;BRSULNET SERVIÇOS EM TECNOLOGIA DA INFORMAÇÃO LTDA;34860748000186;VIGENTE;;1º Aditivo - Nova CREDENCIADA;00000007946506;14/02/2022;14/02/2022
CONTRATO;18/01/2022;53500.003917/2022-13;SURF TELECOM SA;10455746000143;ISPX SOLUÇÕES EM TELECOMUNICAÇÕES SPE LTDA;19486259000112;VIGENTE;;Não identificado;00000007946757;14/02/2022;14/02/2022
CONTRATO;19/01/2022;53500.004160/2022-77;Datora Mobile Telecomunicacoes S.a.;18384930000151;OFF SHORE LINK SAT LTDA;13879073000147;VIGENTE;;Não identificado;00000007948943;14/02/2022;14/02/2022
CONTRATO;21/01/2022;53500.005377/2022-02;Telexperts Telecomunicacoes S.A.;07625852000113;Teravoz Telecom Telecomunicações Ltda;21028759000152;VIGENTE;;Não identificado;00000007951437;14/02/2022;14/02/2022
CONTRATO;07/02/2022;53500.010152/2022-60;SURF TELECOM SA;10455746000143;WSP SERVIÇOS DE TELECOMUNICAÇÕES LTDA;07942413000134;VIGENTE;;Não identificado;00000008173716;22/03/2022;22/03/2022
ADITIVO;04/02/2022;53500.040661/2020-55;Telexperts Telecomunicacoes S.A.;07625852000113;ALLREDE SERVIÇOS DIGITAIS LTDA;34983842000122;VIGENTE;;2º Aditivo - Nova CREDENCIADA;00000008106279;14/03/2022;14/03/2022
ADITIVO;18/02/2022;53500.047279/2020-72;SURF TELECOM SA;10455746000143;XPLAY MOBILE & IOT LTDA;35067466000199;VIGENTE;;2º Aditivo - Nova CREDENCIADA;00000008185537;22/03/2022;22/03/2022
CONTRATO;07/03/2022;53500.018749/2022-52;Datora Mobile Telecomunicacoes S.a.;18384930000151;AZULDATA TECNOLOGIAS EIRELI;40143803000110;VIGENTE;;Não identificado;00000008213196;28/03/2022;28/03/2022
CONTRATO;14/03/2022;53500.021314/2022-95;SURF TELECOM SA;10455746000143;NOVA NET INTERNET SOLUTION LTDA;01482630000102;09/11/2022;53500.021314/2022-95;De acordo com comunicado SEI nº 9469204;00000008243126;08/04/2022;08/04/2022
CONTRATO;23/03/2022;53500.024433/2022-08;Vero S.A.;31748174000160;SALVY LTDA;45239701000116;VIGENTE;;América Net incorporada pela Vero S.A.;00000008272026;08/04/2022;08/04/2022
ADITIVO;25/03/2022;53500.025367/2020-13;SURF TELECOM SA;10455746000143;PLAY MÓVEL LTDA;44255627000169;VIGENTE;;6º e 7º Aditivos - Nova CREDENCIADA;00000008251582;08/04/2022;08/04/2022
ADITIVO;08/04/2022;53500.023635/2020-62;SURF TELECOM SA;10455746000143;SOLLY SOLUÇÕES E TECNOLOGIA LTDA;40838866000190;VIGENTE;;1º Aditivo - Nova CREDENCIADA;00000008300958;25/04/2022;25/04/2022
CONTRATO;11/04/2022;53500.030833/2022-44;SURF TELECOM SA;10455746000143;NUH! DIGITAL LTDA;29556286000178;VIGENTE;;Não identificado;00000008308886;25/04/2022;25/04/2022
CONTRATO;31/03/2022;53500.027201/2022-01;VMNO COMUNICAÇÕES DO BRASIL S.A.;13481715000155;NUH! DIGITAL LTDA;29556286000178;VIGENTE;;Não identificado;00000008446006;17/05/2022;17/05/2022
ADITIVO;18/05/2022;53500.023635/2020-62;SURF TELECOM SA;10455746000143;SOLLY SOLUÇÕES E TECNOLOGIA LTDA;40838866000190;VIGENTE;;2º Aditivo;00000008523696;01/06/2022;01/06/2022
ADITIVO;23/05/2022;53500.038023/2020-74;SURF TELECOM SA;10455746000143;SUA TELECOM LTDA;19429011000110;VIGENTE;;1º Aditivo;00000008550252;08/06/2022;08/06/2022
CONTRATO;30/05/2022;53500.047648/2022-99;Next Level Telecom Ltda.;20877748000184;NUH! DIGITAL LTDA;29556286000178;VIGENTE;;Não identificado;00000008561165;14/07/2022;14/07/2022
CONTRATO;24/06/2022;53500.287435/2022-06;Datora Mobile Telecomunicacoes S.a.;18384930000151;DASH TELECOMUNICAÇÕES LTDA;46760671000151;20/12/2023;53500.287435/2022-06;De acordo com comunicado SEI nº 11315477;00000008780913;08/07/2022;08/07/2022
ADITIVO;21/06/2022;53500.046450/2020-26;SURF TELECOM SA;10455746000143;GIGALINK DE NOVA FRIBURGO SOLUÇÕES EM REDE MULTIMÍDIA LTDA;06236865000138;VIGENTE;;1º Aditivo - Nova CREDENCIADA;00000008807512;10/08/2022;10/08/2022
CONTRATO;15/06/2022;53500.053555/2022-01;Telefonica Brasil S.a.;02558157000162;PLAY SERVIÇO DE VALOR AGREGADO LTDA;34152634000181;VIGENTE;;Não identificado;00000008953340;16/08/2022;16/08/2022
CONTRATO;26/07/2022;53500.298776/2022-07;Datora Mobile Telecomunicacoes S.a.;18384930000151;IVM COMÉRCIO E SERVIÇOS DE INFORMÁTICA LTDA;10285037000167;VIGENTE;;Não identificado;00000008917690;09/08/2022;10/08/2022
ADITIVO;21/06/2022;53500.025367/2020-13;SURF TELECOM SA;10455746000143;PLAY MÓVEL LTDA;44255627000169;VIGENTE;;8º, 9º e 10º Aditivos;00000008874376;02/08/2022;02/08/2022
CONTRATO;06/08/2022;53500.302638/2022-21;Telexperts Telecomunicacoes S.A.;07625852000113;ZILIONET TELECOMUNICAÇÕES LTDA;10220038000123;VIGENTE;;Não identificado;00000008929465;15/08/2022;15/08/2022
CONTRATO;06/08/2022;53500.302635/2022-98;Telexperts Telecomunicacoes S.A.;07625852000113;BNET TELECOMUNICAÇÕES LTDA;01387236000195;VIGENTE;;Não identificado;00000008933605;15/08/2022;15/08/2022
CONTRATO;06/08/2022;53500.302637/2022-87;Telexperts Telecomunicacoes S.A.;07625852000113;REDE CONESUL TELECOMUNICAÇÕES LTDA;08750868000110;VIGENTE;;Não identificado;00000008941634;16/08/2022;16/08/2022
ADITIVO;10/08/2022;53500.047279/2020-72;SURF TELECOM SA;10455746000143;XPLAY MOBILE & IOT LTDA;35067466000199;VIGENTE;;3º Aditivo - Nova CREDENCIADA;00000008953535;16/08/2022;16/08/2022
CONTRATO;17/08/2022;53500.305890/2022-92;SURF TELECOM SA;10455746000143;TELECOM SOUTH AMERICA S.A.;02777002000117;VIGENTE;;Não identificado;00000009046939;09/09/2022;09/09/2022
CONTRATO;17/08/2022;53500.305885/2022-80;SURF TELECOM SA;10455746000143;ISPS DO BRASIL S.A.;14415661000192;VIGENTE;;Não identificado;00000009055015;09/09/2022;09/09/2022
ADITIVO;25/08/2022;53500.017857/2021-27;SURF TELECOM SA;10455746000143;VEX TELECOMUNICAÇÕES LTDA;52967152000161;19/03/2025;53500.017857/2021-27;1º Aditivo - Nova CREDENCIADA;00000009022881;05/09/2022;05/09/2022
ADITIVO;17/08/2022;53500.025367/2020-13;SURF TELECOM SA;10455746000143;PLAY MÓVEL LTDA;44255627000169;VIGENTE;;11º Aditivo;00000008989496;29/08/2022;29/08/2022
CONTRATO;09/09/2022;53500.312668/2022-46;Datora Mobile Telecomunicacoes S.a.;18384930000151;RESOLVE TELECOM LIMITADA;11358679000101;VIGENTE;;Não identificado;00000009094791;17/10/2022;17/10/2022
ADITIVO;21/09/2022;53500.017857/2021-27;SURF TELECOM SA;10455746000143;VEX TELECOMUNICAÇÕES LTDA;52967152000161;19/03/2025;53500.017857/2021-27;2º Aditivo;00000009160336;05/10/2022;05/10/2022
CONTRATO;21/09/2022;53500.316766/2022-52;Telexperts Telecomunicacoes S.A.;07625852000113;GRUPO FEDERAL LTDA;11655954000159;VIGENTE;;Não identificado;00000009168625;05/10/2022;05/10/2022
ADITIVO;21/09/2022;53500.316766/2022-52;Telexperts Telecomunicacoes S.A.;07625852000113;GRUPO FEDERAL LTDA;11655954000159;VIGENTE;;1º Aditivo;00000009168625;05/10/2022;05/10/2022
CONTRATO;06/10/2022;53500.321575/2022-11;Telexperts Telecomunicacoes S.A.;07625852000113;ASSOCIAÇÃO BRASILEIRA DE USUÁRIOS DE TELECOMUNICAÇÕES - ABRUTELECOM;23530122000195;VIGENTE;;Não identificado;00000009325068;01/11/2022;01/11/2022
CONTRATO;10/10/2022;53500.322472/2022-60;SURF TELECOM SA;10455746000143;PRUDENTE GESTÃO DE PAGAMENTOS LTDA;37336274000166;VIGENTE;;Não identificado;00000009327974;01/11/2022;01/11/2022
ADITIVO;06/10/2022;53500.025466/2021-86;Telexperts Telecomunicacoes S.A.;07625852000113;VMAX DIGITAL DO BRASIL LTDA;07685452000101;VIGENTE;;2º Aditivo - Nova CREDENCIADA;00000009465986;01/12/2022;01/12/2022
ADITIVO;10/10/2022;53500.054633/2020-15;SURF TELECOM SA;10455746000143;LIFE SERVIÇOS DE COMUNICAÇÃO MULTIMÍDIA LTDA - EM RECUPERAÇÃO JUDICIAL;05087744000109;VIGENTE;;1º Aditivo - Nova CREDENCIADA;00000009347966;08/11/2022;08/11/2022
CONTRATO;11/10/2022;53500.322984/2022-26;Datora Mobile Telecomunicacoes S.a.;18384930000151;INOVA SOLUÇÕES EM TELECOMUNICAÇÃO EIRELI;19813396000114;VIGENTE;;Não identificado;00000009351096;08/11/2022;08/11/2022
ADITIVO;06/10/2022;53500.321575/2022-11;Telexperts Telecomunicacoes S.A.;07625852000113;ASSOCIAÇÃO BRASILEIRA DE USUÁRIOS DE TELECOMUNICAÇÕES - ABRUTELECOM;23530122000195;VIGENTE;;1º Aditivo;00000009325068;01/11/2022;01/11/2022
CONTRATO;25/10/2022;53500.326838/2022-70;SURF TELECOM SA;10455746000143;RAPPI CONNECT BRASIL LTDA;46539031000116;VIGENTE;;Não identificado;00000009385366;16/11/2022;16/11/2022
ADITIVO;12/07/2022;53500.040661/2020-55;Telexperts Telecomunicacoes S.A.;07625852000113;ALLREDE SERVIÇOS DIGITAIS LTDA;34983842000122;VIGENTE;;3º Aditivo - Nova CREDENCIADA;00000009386375;16/11/2022;16/11/2022
CONTRATO;04/11/2022;53500.329577/2022-40;Datora Mobile Telecomunicacoes S.a.;18384930000151;MTC S.A.;45616483000191;VIGENTE;;Não identificado;00000009417815;17/11/2022;17/11/2022
CONTRATO;03/11/2022;53500.329100/2022-64;Datora Mobile Telecomunicacoes S.a.;18384930000151;GATEWAY TELECOM LTDA;17303838000157;VIGENTE;;Não identificado;00000009417799;17/11/2022;17/11/2022
CONTRATO;02/12/2022;53500.337176/2022-63;Next Level Telecom Ltda.;20877748000184;DATELO TELECOMUNICAÇÕES LTDA;18200825000115;VIGENTE;;Não identificado;00000010095276;18/04/2023;18/04/2023
CONTRATO;07/12/2022;53500.338666/2022-87;Vero S.A.;31748174000160;AIR FIBER TELECOM LTDA;45091755000187;VIGENTE;;América Net incorporada pela Vero S.A.;00000009559001;20/12/2022;20/12/2022
CONTRATO;07/12/2022;53500.338678/2022-10;Vero S.A.;31748174000160;WATCH TV ENTRETENIMENTOS S/A;24817685000121;VIGENTE;;América Net incorporada pela Vero S.A.;00000009565858;20/12/2022;20/12/2022
ADITIVO;20/12/2022;53500.046450/2020-26;SURF TELECOM SA;10455746000143;GIGALINK DE NOVA FRIBURGO SOLUÇÕES EM REDE MULTIMÍDIA LTDA;06236865000138;VIGENTE;;2º Aditivo - Nova CREDENCIADA;00000009593064;02/01/2023;02/01/2023
CONTRATO;21/12/2022;53500.343089/2022-45;Telexperts Telecomunicacoes S.A.;07625852000113;FACILITA TELECOM LTDA;13045960000110;VIGENTE;;Não identificado;00000009677002;16/01/2023;16/01/2023
CONTRATO;21/12/2022;53500.343098/2022-36;Telexperts Telecomunicacoes S.A.;07625852000113;VITÓRIA TECNOLOGIA E DESENVOLVIMENTO LTDA;02418083000169;VIGENTE;;Não identificado;00000009599263;02/01/2023;02/01/2023
CONTRATO;21/12/2022;53500.343093/2022-11;Telexperts Telecomunicacoes S.A.;07625852000113;Tgn-Br Internet LTDA;29339296000151;VIGENTE;;Não identificado;00000009595752;02/01/2023;02/01/2023
ADITIVO;06/01/2023;53500.054633/2020-15;SURF TELECOM SA;10455746000143;LIFE SERVIÇOS DE COMUNICAÇÃO MULTIMÍDIA LTDA - EM RECUPERAÇÃO JUDICIAL;05087744000109;VIGENTE;;2º Aditivo;00000009671953;16/01/2023;16/01/2023
CONTRATO;10/01/2023;53500.001813/2023-47;Next Level Telecom Ltda.;20877748000184;KORE BRASIL LTDA;24492478000144;VIGENTE;;Não identificado;00000009681125;16/01/2023;16/01/2023
CONTRATO;15/02/2023;53500.012529/2023-04;SURF TELECOM SA;10455746000143;BTT TELECOMUNICAÇÕES S.A.;39565567000140;VIGENTE;;Não identificado;00000009846212;22/02/2023;22/02/2023
ADITIVO;28/02/2023;53500.025367/2020-13;SURF TELECOM SA;10455746000143;PLAY MÓVEL LTDA;44255627000169;VIGENTE;;12º Aditivo;00000009886894;06/03/2023;06/03/2023
CONTRATO;07/03/2023;53500.017573/2023-01;SURF TELECOM SA;10455746000143;VONEX TELECOMUNICAÇÕES LTDA;07239238000113;VIGENTE;;Não identificado;00000010081893;14/04/2023;14/04/2023
ADITIVO;14/03/2023;53500.047279/2020-72;SURF TELECOM SA;10455746000143;XPLAY MOBILE & IOT LTDA;35067466000199;VIGENTE;;4º Aditivo - Nova CREDENCIADA;00000009963084;23/03/2023;23/03/2023
ADITIVO;24/03/2023;53500.017573/2023-01;SURF TELECOM SA;10455746000143;VONEX TELECOMUNICAÇÕES LTDA;07239238000113;VIGENTE;;1º Aditivo;00000010081893;14/04/2023;14/04/2023
CONTRATO;23/03/2023;53500.022701/2023-20;SURF TELECOM SA;10455746000143;ARTHUR LUNDGREN TECIDOS S.A. - CASAS PERNAMBUCANAS;61099834000190;VIGENTE;;Não identificado;00000010119617;25/04/2023;25/04/2023
CONTRATO;24/03/2023;53500.022861/2023-79;SURF TELECOM SA;10455746000143;TEGG TECHNOLOGY LTDA;45435783000174;VIGENTE;;Não identificado;00000010149806;03/05/2023;03/05/2023
ADITIVO;12/04/2023;53500.023635/2020-62;SURF TELECOM SA;10455746000143;SOLLY SOLUÇÕES E TECNOLOGIA LTDA;40838866000190;VIGENTE;;3º Aditivo;00000010126808;25/04/2023;25/04/2023
CONTRATO;14/04/2023;53500.029175/2023-29;Datora Mobile Telecomunicacoes S.a.;18384930000151;QUECTEL BRASIL COMÉRCIO DE PRODUTOS DE TELECOMUNICAÇÕES LTDA;30466489000152;VIGENTE;;Não identificado;00000010153616;03/05/2023;03/05/2023
CONTRATO;26/04/2023;53500.032411/2023-94;SURF TELECOM SA;10455746000143;TIP NACIONAL TELECOM LTDA (EX-TVN);07335723000190;VIGENTE;;Não identificado;00000010201081;19/05/2023;19/05/2023
CONTRATO;18/04/2023;53500.022777/2019-79;SURF TELECOM SA;10455746000143;Dry Company do Brasil Comércio e Tecnologia LTDA (Dry Steam);15564295000104;VIGENTE;;Novo contrato assinado.;00000010325152;15/06/2023;15/06/2023
ADITIVO;18/04/2023;53500.022777/2019-79;SURF TELECOM SA;10455746000143;Dry Company do Brasil Comércio e Tecnologia LTDA (Dry Steam);15564295000104;VIGENTE;;1º Aditivo;00000010325152;15/06/2023;15/06/2023
CONTRATO;27/04/2023;53500.032745/2023-68;Datora Mobile Telecomunicacoes S.a.;18384930000151;BTMT LTDA;50603484000131;VIGENTE;;Não identificado;00000010202518;19/05/2023;19/05/2023
ADITIVO;04/05/2023;53500.305885/2022-80;SURF TELECOM SA;10455746000143;ISPS DO BRASIL S.A.;14415661000192;VIGENTE;;Não identificado;00000010305450;06/06/2023;06/06/2023
CONTRATO;15/05/2023;53500.038250/2023-42;Vero S.A.;31748174000160;ALFA NETWORK SOLUTIONS INFORMÁTICA LTDA;13026557000143;VIGENTE;;América Net incorporada pela Vero S.A.;00000010307088;06/06/2023;06/06/2023
CONTRATO;07/06/2023;53500.047696/2023-68;SURF TELECOM SA;10455746000143;VIABR INFORMÁTICA LTDA;01497093000174;08/01/2025;53500.047696/2023-68;De acordo com comunicado SEI nº 13419913;00000010391148;27/06/2023;27/06/2023
ADITIVO;26/06/2023;53500.056152/2018-20;Telefonica Brasil S.a.;02558157000162;Fique Móvel Serviços de Telecomunicações;37450669000195;VIGENTE;;4º Aditivo;00000010586600;03/08/2023;03/08/2023
ADITIVO;29/06/2023;53500.068146/2020-30;Telefonica Brasil S.a.;02558157000162;INTER CONECTIVIDADE LTDA;49947911000110;VIGENTE;;2º Aditivo - Nova CREDENCIADA;00000010502487;13/07/2023;13/07/2023
CONTRATO;13/07/2023;53500.063278/2023-18;SURF TELECOM SA;10455746000143;VAREJO TELECOM LTDA;41735563000105;VIGENTE;;Não identificado;00000010652646;10/08/2023;10/08/2023
ADITIVO;13/07/2023;53500.047279/2020-72;SURF TELECOM SA;10455746000143;XPLAY MOBILE & IOT LTDA;35067466000199;VIGENTE;;5º Aditivo;00000010565505;20/07/2023;20/07/2023
ADITIVO;01/08/2023;53504.000883/2017-08;SURF TELECOM SA;10455746000143;Eseye do Brasil Tecnologia da Informação Ltda;13890755000150;VIGENTE;;2º e 3º Aditivos;00000010730883;08/09/2023;08/09/2023
ADITIVO;01/08/2023;53500.063278/2023-18;SURF TELECOM SA;10455746000143;VAREJO TELECOM LTDA;41735563000105;VIGENTE;;1º Aditivo;00000010652646;10/08/2023;10/08/2023
CONTRATO;01/08/2023;53500.069427/2023-52;SURF TELECOM SA;10455746000143;Ampernet - Telecomunicacoes Ltda;04596419000109;VIGENTE;;Não identificado;00000010767353;08/09/2023;08/09/2023
ADITIVO;14/08/2023;53500.037835/2020-01;Telefonica Brasil S.a.;02558157000162;DESKTOP INTERNET LTDA;09666183001044;01/05/2025;53500.037835/2020-01;2º Aditivo;00000010764407;08/09/2023;08/09/2023
ADITIVO;21/08/2023;53500.069427/2023-52;SURF TELECOM SA;10455746000143;Ampernet - Telecomunicacoes Ltda;04596419000109;VIGENTE;;1º Aditivo;00000010767353;08/09/2023;08/09/2023
CONTRATO;21/08/2023;53500.076512/2023-77;SURF TELECOM SA;10455746000143;NOVA ERA TELECOMUNICAÇÕES SERVIÇOS DE INTERNET LTDA;31300236000177;VIGENTE;;Não identificado;00000010882352;26/09/2023;26/09/2023
ADITIVO;28/09/2023;53500.032411/2023-94;SURF TELECOM SA;10455746000143;TIP NACIONAL TELECOM LTDA (EX-TVN);07335723000190;VIGENTE;;Não identificado;00000010987708;16/10/2023;16/10/2023
ADITIVO;18/10/2023;53500.025367/2020-13;SURF TELECOM SA;10455746000143;PLAY MÓVEL LTDA;44255627000169;VIGENTE;;13º e 14º Aditivos;00000011238286;28/12/2023;28/12/2023
CONTRATO;22/10/2023;53500.095588/2023-00;Next Level Telecom Ltda.;20877748000184;QUECTEL BRASIL COMÉRCIO DE PRODUTOS DE TELECOMUNICAÇÕES LTDA;30466489000152;VIGENTE;;Não identificado;00000011198465;30/11/2023;30/11/2023
CONTRATO;29/10/2023;53500.097778/2023-53;ALGAR TELECOM S/A;71208516000174;NUH! DIGITAL LTDA;29556286000178;VIGENTE;;Não identificado;00000011345538;12/01/2024;12/01/2024
ADITIVO;08/11/2023;53500.060891/2017-35;CLARO S.A.;40432544000147;DEUTSCHE TELEKOM GLOBAL BUSINESS SOLUTIONS BRASIL LTDA;04501314000129;VIGENTE;;2º Aditivo;00000011224242;11/12/2023;11/12/2023
ADITIVO;08/11/2023;53500.060891/2017-35;CLARO S.A.;40432544000147;DEUTSCHE TELEKOM GLOBAL BUSINESS SOLUTIONS BRASIL LTDA;04501314000129;VIGENTE;;3º Aditivo - Mudou nome empresarial;00000011224242;11/12/2023;11/12/2023
ADITIVO;08/11/2023;53500.060891/2017-35;CLARO S.A.;40432544000147;DEUTSCHE TELEKOM GLOBAL BUSINESS SOLUTIONS BRASIL LTDA;04501314000129;VIGENTE;;4º Aditivo;00000011224242;11/12/2023;11/12/2023
CONTRATO;08/11/2023;53500.100499/2023-84;SURF TELECOM SA;10455746000143;TCONNECT TELECOMUNICAÇÕES LTDA;53558593000172;VIGENTE;;Não identificado;00000011231095;11/12/2023;11/12/2023
CONTRATO;07/12/2023;53500.109559/2023-24;SURF TELECOM SA;10455746000143;SAFE TELECOM S.A.;39380518000133;VIGENTE;;Não identificado;00000011494006;15/02/2024;15/02/2024
CONTRATO;11/12/2023;53500.110232/2023-03;SURF TELECOM SA;10455746000143;GIESECKE+DEVRIENT MOBILE SECURITY TCD BRASIL LTDA;46460360000177;VIGENTE;;Não identificado;00000011357831;12/01/2024;12/01/2024
CONTRATO;09/01/2024;53500.002003/2024-99;SURF TELECOM SA;10455746000143;OPÇÃO TELECOM TELECOMUNICAÇÕES S.A.;05236051000130;VIGENTE;;Não identificado;00000011415830;29/01/2024;29/01/2024
ADITIVO;09/01/2024;53500.022701/2023-20;SURF TELECOM SA;10455746000143;ARTHUR LUNDGREN TECIDOS S.A. - CASAS PERNAMBUCANAS;61099834000190;VIGENTE;;1º Aditivo;00000011392300;22/01/2024;22/01/2024
ADITIVO;09/01/2024;53500.017857/2021-27;SURF TELECOM SA;10455746000143;VEX TELECOMUNICAÇÕES LTDA;52967152000161;19/03/2025;53500.017857/2021-27;3º Aditivo - Nova CREDENCIADA;00000011443452;14/02/2024;14/02/2024
CONTRATO;12/01/2024;53500.002748/2024-58;CLARO S.A.;40432544000147;NUCOMMERCE LTDA;42508683000132;VIGENTE;;Não identificado;00000011684056;02/04/2024;09/04/2024
CONTRATO;02/02/2024;53500.008606/2024-02;ALGAR TELECOM S/A;71208516000174;ALLCOM TELECOM COMÉRCIO E SERVIÇOS LTDA;19390169000123;VIGENTE;;Não identificado;00000011541643;01/03/2024;01/03/2024
ADITIVO;05/02/2024;53500.054207/2019-48;Vero S.A.;31748174000160;Veek Tecnologia S/A;09526734000183;VIGENTE;;América Net incorporada pela Vero S.A.;00000012017147;24/05/2024;24/05/2024
CONTRATO;15/02/2024;53500.011429/2024-33;Telexperts Telecomunicacoes S.A.;07625852000113;Veek Tecnologia S/A;09526734000183;VIGENTE;;Não identificado;00000011561136;01/03/2024;01/03/2024
CONTRATO;15/02/2024;53500.011442/2024-92;Telexperts Telecomunicacoes S.A.;07625852000113;DIGIREDES TELECOMUNICAÇÕES LTDA;15231329000130;VIGENTE;;Não identificado;00000011552001;01/03/2024;01/03/2024
CONTRATO;19/02/2024;53500.012544/2024-25;America Net S.a.;01778972000174;VERO S.A.;31748174000160;VIGENTE;;Não identificado;00000011567031;01/03/2024;01/03/2024
CONTRATO;29/02/2024;53500.016700/2024-27;SURF TELECOM SA;10455746000143;BW TELECOMUNICAÇÕES LTDA;47735245000120;VIGENTE;;Não identificado;00000011656035;08/04/2024;08/04/2024
CONTRATO;29/02/2024;53500.016683/2024-28;SURF TELECOM SA;10455746000143;ATHOSTEC SOLUÇÕES TECNOLÓGICAS LTDA;16822965000108;VIGENTE;;Não identificado;00000011659643;08/04/2024;08/04/2024
CONTRATO;22/03/2024;53500.024890/2024-56;SURF TELECOM SA;10455746000143;GRUPO UAISAT LTDA;53932460000114;VIGENTE;;Não identificado;00000011768493;22/04/2024;22/04/2024
CONTRATO;29/03/2024;53500.027249/2024-73;Telexperts Telecomunicacoes S.A.;07625852000113;ABCrede Telecom;08448269000147;VIGENTE;;Não identificado;00000011843511;14/06/2024;14/06/2024
CONTRATO;01/04/2024;53500.027924/2024-64;Telefonica Brasil S.a.;02558157000162;SOFTDADOS TELECOMUNICAÇÕES LTDA;17869823000150;VIGENTE;;Não identificado;00000011983434;22/05/2024;22/05/2024
ADITIVO;19/04/2024;53500.032974/2020-30;SURF TELECOM SA;10455746000143;DESKTOP S.A.;08170849000115;VIGENTE;;Não identificado;00000011874131;30/04/2024;30/04/2024
CONTRATO;19/04/2024;53500.034231/2024-28;SURF TELECOM SA;10455746000143;Completa Telecomunicações Ltda;26227978000184;VIGENTE;;Não identificado;00000011932924;17/05/2024;17/05/2024
ADITIVO;22/04/2024;53500.057069/2020-92;Telefonica Brasil S.a.;02558157000162;Assicom - Associação das Empresas e Usuários das Tecnologias de Informação e Comunicação;19713625000129;VIGENTE;;1º Aditivo;00000011933273;10/05/2024;10/05/2024
CONTRATO;25/04/2024;53500.036109/2024-96;Telexperts Telecomunicacoes S.A.;07625852000113;TVN NACIONAL TELECOM LTDA;07335723000190;VIGENTE;;Não identificado;00000012045971;18/06/2024;18/06/2024
ADITIVO;23/04/2024;53500.032745/2023-68;Datora Mobile Telecomunicacoes S.a.;18384930000151;BTMT LTDA;50603484000131;VIGENTE;;Cessão de direitos e obrigações;00000012010504;28/05/2024;28/05/2024
CONTRATO;07/05/2024;53500.039551/2024-74;SURF TELECOM SA;10455746000143;CUSTOMER FIRST CONSULTORIA DE TELECOMUNICAÇÕES LTDA;15664316000155;VIGENTE;;Não identificado;00000012070900;11/06/2024;11/06/2024
ADITIVO;06/06/2024;53500.063278/2023-18;SURF TELECOM SA;10455746000143;VAREJO TELECOM LTDA;41735563000105;VIGENTE;;Não identificado;00000012113078;18/06/2024;18/06/2024
CONTRATO;14/06/2024;53500.050643/2024-13;SURF TELECOM SA;10455746000143;IPM TECNOLOGIA E TELEFONIA MÓVEL LTDA;53560425000111;VIGENTE;;Não identificado;00000012196101;28/06/2024;28/06/2024
ADITIVO;20/06/2024;53500.100499/2023-84;SURF TELECOM SA;10455746000143;TCONNECT TELECOMUNICAÇÕES LTDA;53558593000172;VIGENTE;;Não identificado;00000012196425;28/06/2024;28/06/2024
CONTRATO;12/07/2024;53500.058947/2024-11;Telexperts Telecomunicacoes S.A.;07625852000113;SPEEDRS TECNOLOGIA DA INFORMAÇÃO LTDA;13367770000119;VIGENTE;;Não identificado;00000012324845;29/07/2024;29/07/2024
CONTRATO;12/07/2024;53500.058945/2024-21;Telexperts Telecomunicacoes S.A.;07625852000113;HELLO MOBILE LTDA;33193820000104;VIGENTE;;Não identificado;00000012324881;29/07/2024;29/07/2024
ADITIVO;18/07/2024;53500.018754/2021-84;SURF TELECOM SA;10455746000143;AGE TELECOMUNICAÇÕES S.A.;36230547000120;VIGENTE;;1º Aditivo - Mudou nome empresarial;00000012333415;07/08/2024;07/08/2024
ADITIVO;18/07/2024;53500.068756/2021-14;SURF TELECOM SA;10455746000143;Carrefour Comércio e Indústria Ltda;45543915000181;VIGENTE;;1º Aditivo;00000012337317;07/08/2024;07/08/2024
ADITIVO;18/07/2024;53500.068756/2021-14;SURF TELECOM SA;10455746000143;Carrefour Comércio e Indústria Ltda;45543915000181;VIGENTE;;2º Aditivo;00000012337317;07/08/2024;07/08/2024
CONTRATO;24/07/2024;53500.062229/2024-49;SURF TELECOM SA;10455746000143;VEEM TELECOM LTDA;50229040000188;VIGENTE;;Não identificado;00000012366490;07/08/2024;07/08/2024
CONTRATO;24/07/2024;53500.062231/2024-18;SURF TELECOM SA;10455746000143;MEGA IP CONNECT LTDA;27414073000186;VIGENTE;;Não identificado;00000012399615;13/08/2024;13/08/2024
CONTRATO;28/08/2024;53500.071447/2024-74;Telexperts Telecomunicacoes S.A.;07625852000113;ZAMIX MULTIPLAY TELECOMUNICAÇÕES LTDA;17888419000124;VIGENTE;;Não identificado;00000012524823;11/09/2024;11/09/2024
CONTRATO;16/09/2024;53500.076803/2024-46;Datora Mobile Telecomunicacoes S.a.;18384930000151;IMPACTO CONECTIVIDADE E INCLUSÃO DIGITAL LTDA;30643739000182;VIGENTE;;Não identificado;00000012919723;02/12/2024;02/12/2024
CONTRATO;16/09/2024;53500.076795/2024-38;UNIFIQUE TELECOMUNICACOES S/A;02255187000108;LIGGA TELECOMUNICAÇÕES S.A.;04368865000166;VIGENTE;;Unifique é MVNe. Área de Abrangência: BR, exceto SC e RS.;00000012785544;08/11/2024;11/11/2024
CONTRATO;16/09/2024;53500.076804/2024-91;UNIFIQUE TELECOMUNICACOES S/A;02255187000108;LIGGA TELECOMUNICAÇÕES S.A.;04368865000166;VIGENTE;;Unifique é MNO. Área de Abrangência: SC e RS.;00000012789977;08/11/2024;11/11/2024
ADITIVO;18/09/2024;53500.017208/2019-10;Datora Mobile Telecomunicacoes S.a.;18384930000151;ONI TELECOM SERVIÇOS E COMÉRCIO LTDA;32196605000196;VIGENTE;;Cessão de direitos e obrigações;00000012712059;16/10/2024;16/10/2024
ADITIVO;03/10/2024;53500.305885/2022-80;SURF TELECOM SA;10455746000143;ISPS DO BRASIL S.A.;14415661000192;VIGENTE;;2º Aditivo;00000012777947;30/12/2024;07/01/2025
ADITIVO;03/10/2024;53500.305885/2022-80;SURF TELECOM SA;10455746000143;ISPS DO BRASIL S.A.;14415661000192;VIGENTE;;3º Aditivo;00000012777947;30/12/2024;07/01/2025
ADITIVO;03/10/2024;53500.025367/2020-13;SURF TELECOM SA;10455746000143;PLAY MÓVEL LTDA;44255627000169;VIGENTE;;15º e 16º Aditivos - Nova Credenciada;00000012822874;19/11/2024;21/11/2024
ADITIVO;03/10/2024;53500.047279/2020-72;SURF TELECOM SA;10455746000143;XPLAY MOBILE & IOT LTDA;35067466000199;VIGENTE;;6º Aditivo;00000012765544;30/10/2024;30/10/2024
ADITIVO;03/10/2024;53500.034392/2020-98;SURF TELECOM SA;10455746000143;Contel Telecom Ltda;13337781000156;VIGENTE;;2º e 3º Aditivos;00000012765589;19/11/2024;21/11/2024
ADITIVO;03/10/2024;53500.023635/2020-62;SURF TELECOM SA;10455746000143;SOLLY SOLUÇÕES E TECNOLOGIA LTDA;40838866000190;VIGENTE;;4º Aditivo - Nova CREDENCIADA;00000012816367;01/11/2024;05/11/2024
ADITIVO;03/10/2024;53500.046450/2020-26;SURF TELECOM SA;10455746000143;GIGALINK DE NOVA FRIBURGO SOLUÇÕES EM REDE MULTIMÍDIA LTDA;06236865000138;VIGENTE;;3º Aditivo;00000012765638;30/10/2024;30/10/2024
CONTRATO;09/10/2024;53500.083043/2024-23;SURF TELECOM SA;10455746000143;MAISAGIL FRANQUIAS LTDA;38063817000181;VIGENTE;;Não identificado;00000012818798;01/11/2024;05/11/2024
ADITIVO;15/10/2024;53500.057069/2020-92;Telefonica Brasil S.a.;02558157000162;Assicom - Associação das Empresas e Usuários das Tecnologias de Informação e Comunicação;19713625000129;VIGENTE;;2º Aditivo;00000012900559;25/11/2024;25/11/2024
CONTRATO;22/10/2024;53500.087081/2024-55;Telexperts Telecomunicacoes S.A.;07625852000113;BRASIL TECPAR SERVIÇOS DE TELECOMUNICAÇÕES S.A.;07756651000155;VIGENTE;;Não identificado;00000012915088;25/11/2024;25/11/2024
CONTRATO;28/10/2024;53500.088363/2024-70;SURF TELECOM SA;10455746000143;SICOVE DO BRASIL LTDA;19634885000109;VIGENTE;;Não identificado;00000012931217;02/12/2024;09/12/2024
CONTRATO;30/10/2024;53500.089088/2024-10;SURF TELECOM SA;10455746000143;TELEFONABR TELECOMUNICAÇÕES LTDA;57325899000130;18/02/2025;53500.089088/2024-10;De acordo com comunicado SEI nº 13730357;00000012933310;30/12/2024;07/01/2025
ADITIVO;04/11/2024;53500.054633/2020-15;SURF TELECOM SA;10455746000143;LIFE SERVIÇOS DE COMUNICAÇÃO MULTIMÍDIA LTDA - EM RECUPERAÇÃO JUDICIAL;05087744000109;VIGENTE;;3º Aditivo;00000013012036;30/12/2024;30/12/2024
CONTRATO;19/11/2024;53500.095040/2024-32;Telexperts Telecomunicacoes S.A.;07625852000113;SALVY LTDA;45239701000116;VIGENTE;;Não identificado;00000013049015;23/12/2024;23/12/2024
CONTRATO;25/11/2024;53500.096352/2024-63;Datora Mobile Telecomunicacoes S.a.;18384930000151;NIPTELECOM TELECOMUNICAÇÕES LTDA;19534299000192;VIGENTE;;Não identificado;00000013027567;19/12/2024;20/12/2024
CONTRATO;27/11/2024;53500.096819/2024-75;Datora Mobile Telecomunicacoes S.a.;18384930000151;NIPCABLE DO BRASIL TELECOM LTDA;05334864000163;VIGENTE;;Não identificado;00000013031178;19/12/2024;20/12/2024
CONTRATO;12/12/2024;53500.101305/2024-49;Datora Mobile Telecomunicacoes S.a.;18384930000151;SOLUÇÃO NETWORK PROVEDOR LTDA;12693643000147;VIGENTE;;Não identificado;00000013131770;23/01/2025;03/02/2025
ADITIVO;13/12/2024;53500.060891/2017-35;CLARO S.A.;40432544000147;DEUTSCHE TELEKOM GLOBAL BUSINESS SOLUTIONS BRASIL LTDA;04501314000129;VIGENTE;;5º Aditivo;00000013137574;23/01/2025;03/02/2025
CONTRATO;16/12/2024;53500.102259/2024-03;Datora Mobile Telecomunicacoes S.a.;18384930000151;HYPECON TELECOM LTDA;57343044000131;VIGENTE;;Não identificado;00000013143225;23/01/2025;03/02/2025
ADITIVO;18/12/2024;53500.038727/2021-28;CLARO S.A.;40432544000147;Magazine Luiza S.A.;47960950000121;VIGENTE;;2º Aditivo;00000013261046;21/02/2025;25/02/2025
CONTRATO;23/12/2024;53500.103970/2024-77;Telexperts Telecomunicacoes S.A.;07625852000113;KORE BRASIL LTDA;24492478000144;VIGENTE;;Não identificado;00000013154927;28/01/2025;03/02/2025
CONTRATO;17/01/2025;53500.003768/2025-27;SURF TELECOM SA;10455746000143;VONO TECNOLOGIA LTDA;30842345000153;VIGENTE;;Não identificado;00000013267819;07/03/2025;-1
ADITIVO;17/01/2025;53500.038021/2020-85;SURF TELECOM SA;10455746000143;It Tecnologia e Informacao Ltda;00608881000128;VIGENTE;;1º Aditivo;00000013280599;27/02/2025;10/03/2025
ADITIVO;17/01/2025;53500.022701/2023-20;SURF TELECOM SA;10455746000143;ARTHUR LUNDGREN TECIDOS S.A. - CASAS PERNAMBUCANAS;61099834000190;VIGENTE;;2º Aditivo;00000013280994;14/02/2025;17/02/2025
CONTRATO;17/01/2025;53500.003780/2025-31;SURF TELECOM SA;10455746000143;NEW VOICE TELECOMUNICAÇÕES LTDA;29843594000184;VIGENTE;;Não identificado;00000013349509;07/03/2025;-1
CONTRATO;22/01/2025;53500.004744/2025-95;Telexperts Telecomunicacoes S.A.;07625852000113;PLAY MÓVEL SERVIÇOS DE INTERNET LTDA;44255627000169;VIGENTE;;Não identificado;00000013461739;31/03/2025;03/04/2025
ADITIVO;04/02/2025;53500.019519/2021-20;Telexperts Telecomunicacoes S.A.;07625852000113;Oquei Telecom Ltda;05912502000102;VIGENTE;;Não identificado;00000013715471;20/05/2025;27/05/2025
ADITIVO;07/02/2025;53500.343089/2022-45;Telexperts Telecomunicacoes S.A.;07625852000113;FACILITA TELECOM LTDA;13045960000110;VIGENTE;;Não identificado;00000013686394;20/05/2025;22/05/2025
CONTRATO;11/02/2025;53500.010717/2025-51;UNIFIQUE TELECOMUNICACOES S/A;02255187000108;MHNET TELECOMUNICAÇÕES LTDA;05245502000104;VIGENTE;;Não identificado;00000013342520;28/02/2025;06/03/2025
CONTRATO;28/02/2025;53500.015546/2025-57;SURF TELECOM SA;10455746000143;COMPANHIA ITABIRANA DE TELECOMUNICAÇÕES LTDA;05684180000191;VIGENTE;;Não identificado;00000013392657;17/03/2025;18/03/2025
CONTRATO;28/02/2025;53500.015552/2025-12;SURF TELECOM SA;10455746000143;NOVATEL TELECOM LTDA;04837983000176;VIGENTE;;Não identificado;00000013383994;17/03/2025;18/03/2025
ADITIVO;28/02/2025;53500.032411/2023-94;SURF TELECOM SA;10455746000143;TIP NACIONAL TELECOM LTDA (EX-TVN);07335723000190;VIGENTE;;2º Aditivo - Nova CREDENCIADA;00000013376398;07/03/2025;-1
ADITIVO;22/01/2025;53500.004744/2025-95;Telexperts Telecomunicacoes S.A.;07625852000113;PLAY MÓVEL SERVIÇOS DE INTERNET LTDA;44255627000169;VIGENTE;;Não identificado;00000013461739;31/03/2025;03/04/2025
ADITIVO;17/03/2025;53500.081744/2021-85;SURF TELECOM SA;10455746000143;PAFER SERVIÇOS DE APOIO ADMINISTRATIVO LTDA;49590693000109;VIGENTE;;1º Aditivo - Nova CREDENCIADA;00000013469402;31/03/2025;03/04/2025
CONTRATO;17/03/2025;53500.019617/2025-91;SURF TELECOM SA;10455746000143;TWO GLOBAL LTDA;59405709000110;VIGENTE;;Não identificado;00000013471615;31/03/2025;03/04/2025
CONTRATO;17/03/2025;53500.019620/2025-12;SURF TELECOM SA;10455746000143;ADRIANO TELECOM LTDA;10414026000130;VIGENTE;;Não identificado;00000013453690;31/03/2025;03/04/2025
CONTRATO;17/03/2025;53500.019642/2025-74;SURF TELECOM SA;10455746000143;N3 SOLUÇÕES CUSTOMIZADAS LTDA;51746300000155;VIGENTE;;Não identificado;00000013446280;31/03/2025;03/04/2025
CONTRATO;17/03/2025;53500.019644/2025-63;SURF TELECOM SA;10455746000143;REBIRTH DESENVOLVIMENTOS PROFISSIONAIS LTDA;28903062000122;VIGENTE;;Não identificado;00000013438949;31/03/2025;03/04/2025
CONTRATO;03/04/2025;53500.024801/2025-52;SURF TELECOM SA;10455746000143;4NET SOLUÇÕES EM TELECOMUNICAÇÕES LTDA;28135347000160;VIGENTE;;Não identificado;00000013545318;24/04/2025;25/04/2025
CONTRATO;03/04/2025;53500.024797/2025-22;SURF TELECOM SA;10455746000143;ONCALL SOLUÇÕES EM TECNOLOGIA LTDA;47624230000195;VIGENTE;;Não identificado;00000013545570;24/04/2025;25/04/2025
CONTRATO;03/04/2025;53500.024792/2025-08;SURF TELECOM SA;10455746000143;MAXX PROJETOS E CONSULTORIA EM TI LTDA;12900948000182;VIGENTE;;Não identificado;00000013568749;24/04/2025;25/04/2025
CONTRATO;03/04/2025;53500.024791/2025-55;SURF TELECOM SA;10455746000143;MAX NET TELECOMUNICAÇÕES LTDA;03581173000139;VIGENTE;;Não identificado;00000013569125;24/04/2025;25/04/2025
CONTRATO;03/04/2025;53500.024787/2025-97;SURF TELECOM SA;10455746000143;MEUSYS TECNOLOGIA LTDA;27239197000172;VIGENTE;;Não identificado;00000013575174;24/04/2025;25/04/2025
CONTRATO;03/04/2025;53500.024805/2025-31;SURF TELECOM SA;10455746000143;TEL & GLOBE COMUNICAÇÃO LTDA;84851369000106;VIGENTE;;Não identificado;00000013560804;24/04/2025;25/04/2025
ADITIVO;14/04/2025;53500.057069/2020-92;Telefonica Brasil S.a.;02558157000162;Assicom - Associação das Empresas e Usuários das Tecnologias de Informação e Comunicação;19713625000129;VIGENTE;;3º Aditivo;00000013605990;29/04/2025;06/05/2025
CONTRATO;23/04/2025;53500.030079/2025-95;SURF TELECOM SA;10455746000143;MIO TELECOM LTDA;10811590000196;VIGENTE;;Não identificado;00000013620293;30/04/2025;06/05/2025
ADITIVO;12/05/2025;53500.038023/2020-74;SURF TELECOM SA;10455746000143;SUA TELECOM LTDA;19429011000110;VIGENTE;;2º Aditivo - Mudou nome empresarial;00000013716128;20/05/2025;22/05/2025
CONTRATO;08/05/2025;53500.033930/2025-31;SURF TELECOM SA;10455746000143;VOXCITY TECNOLOGIA LTDA;19813396000114;VIGENTE;;Não identificado;00000013693905;20/05/2025;22/05/2025
ADITIVO;21/05/2025;53500.012529/2023-04;SURF TELECOM SA;10455746000143;BTT TELECOMUNICAÇÕES S.A.;39565567000140;VIGENTE;;Não identificado;00000013766618;29/05/2025;02/06/2025
CONTRATO;21/05/2025;53500.037709/2025-52;SURF TELECOM SA;10455746000143;BR SISTEMAS LTDA;49388765000130;VIGENTE;;Não identificado;00000013759227;29/05/2025;02/06/2025
CONTRATO;21/05/2025;53500.037707/2025-63;SURF TELECOM SA;10455746000143;BCS11 PARTICIPAÇÕES S.A.;39414947000184;VIGENTE;;Não identificado;00000013750816;29/05/2025;02/06/2025
CONTRATO;23/05/2025;53500.038563/2025-62;SURF TELECOM SA;10455746000143;LIVE OPTICAL FIBER LTDA;48226378000134;VIGENTE;;Não identificado;00000013827794;12/06/2025;16/06/2025
ADITIVO;29/05/2025;53500.025367/2020-13;SURF TELECOM SA;10455746000143;PLAY MÓVEL LTDA;44255627000169;VIGENTE;;17º Aditivo;00000013834491;12/06/2025;16/06/2025
CONTRATO;03/06/2025;53500.041025/2025-55;SURF TELECOM SA;10455746000143;RD BRASIL TELECOMUNICAÇÕES LTDA;60726071000106;VIGENTE;;Não identificado;00000013834624;12/06/2025;16/06/2025
